{
    "piano.21": {
        "category": "record",
        "sounds": [
            {
                "name": "piano/21"
            }
        ]
    },
	    "piano.22": {
        "category": "record",
        "sounds": [
            {
                "name": "piano/22"
            }
        ]
    },
	    "piano.23": {
        "category": "record",
        "sounds": [
            {
                "name": "piano/23"
            }
        ]
    },
	    "piano.24": {
        "category": "record",
        "sounds": [
            {
                "name": "piano/24"
            }
        ]
    },
	    "piano.25": {
        "category": "record",
        "sounds": [
            {
                "name": "piano/25"
            }
        ]
    },
	    "piano.26": {
        "category": "record",
        "sounds": [
            {
                "name": "piano/26"
            }
        ]
    },
	    "piano.27": {
        "category": "record",
        "sounds": [
            {
                "name": "piano/27"
            }
        ]
    },
	    "piano.28": {
        "category": "record",
        "sounds": [
            {
                "name": "piano/28"
            }
        ]
    },
	    "piano.29": {
        "category": "record",
        "sounds": [
            {
                "name": "piano/29"
            }
        ]
    },
	    "piano.30": {
        "category": "record",
        "sounds": [
            {
                "name": "piano/30"
            }
        ]
    },
	    "piano.31": {
        "category": "record",
        "sounds": [
            {
                "name": "piano/31"
            }
        ]
    },
	    "piano.32": {
        "category": "record",
        "sounds": [
            {
                "name": "piano/32"
            }
        ]
    },
	    "piano.33": {
        "category": "record",
        "sounds": [
            {
                "name": "piano/33"
            }
        ]
    },
	    "piano.34": {
        "category": "record",
        "sounds": [
            {
                "name": "piano/34"
            }
        ]
    },
	    "piano.35": {
        "category": "record",
        "sounds": [
            {
                "name": "piano/35"
            }
        ]
    },
	    "piano.36": {
        "category": "record",
        "sounds": [
            {
                "name": "piano/36"
            }
        ]
    },
	    "piano.37": {
        "category": "record",
        "sounds": [
            {
                "name": "piano/37"
            }
        ]
    },
	    "piano.38": {
        "category": "record",
        "sounds": [
            {
                "name": "piano/38"
            }
        ]
    },
	    "piano.39": {
        "category": "record",
        "sounds": [
            {
                "name": "piano/39"
            }
        ]
    },
	    "piano.40": {
        "category": "record",
        "sounds": [
            {
                "name": "piano/40"
            }
        ]
    },
	    "piano.41": {
        "category": "record",
        "sounds": [
            {
                "name": "piano/41"
            }
        ]
    },
	    "piano.42": {
        "category": "record",
        "sounds": [
            {
                "name": "piano/42"
            }
        ]
    },
	    "piano.43": {
        "category": "record",
        "sounds": [
            {
                "name": "piano/43"
            }
        ]
    },
	    "piano.44": {
        "category": "record",
        "sounds": [
            {
                "name": "piano/44"
            }
        ]
    },
	    "piano.45": {
        "category": "record",
        "sounds": [
            {
                "name": "piano/45"
            }
        ]
    },
	    "piano.46": {
        "category": "record",
        "sounds": [
            {
                "name": "piano/46"
            }
        ]
    },
	    "piano.47": {
        "category": "record",
        "sounds": [
            {
                "name": "piano/47"
            }
        ]
    },
	    "piano.48": {
        "category": "record",
        "sounds": [
            {
                "name": "piano/48"
            }
        ]
    },
	    "piano.49": {
        "category": "record",
        "sounds": [
            {
                "name": "piano/49"
            }
        ]
    },
	    "piano.50": {
        "category": "record",
        "sounds": [
            {
                "name": "piano/50"
            }
        ]
    },
	    "piano.51": {
        "category": "record",
        "sounds": [
            {
                "name": "piano/51"
            }
        ]
    },
	    "piano.52": {
        "category": "record",
        "sounds": [
            {
                "name": "piano/52"
            }
        ]
    },
	    "piano.53": {
        "category": "record",
        "sounds": [
            {
                "name": "piano/53"
            }
        ]
    },
	    "piano.54": {
        "category": "record",
        "sounds": [
            {
                "name": "piano/54"
            }
        ]
    },
	    "piano.55": {
        "category": "record",
        "sounds": [
            {
                "name": "piano/55"
            }
        ]
    },
	    "piano.56": {
        "category": "record",
        "sounds": [
            {
                "name": "piano/56"
            }
        ]
    },
	    "piano.57": {
        "category": "record",
        "sounds": [
            {
                "name": "piano/57"
            }
        ]
    },
	    "piano.58": {
        "category": "record",
        "sounds": [
            {
                "name": "piano/58"
            }
        ]
    },
	    "piano.59": {
        "category": "record",
        "sounds": [
            {
                "name": "piano/59"
            }
        ]
    },
	    "piano.60": {
        "category": "record",
        "sounds": [
            {
                "name": "piano/60"
            }
        ]
    },
	    "piano.61": {
        "category": "record",
        "sounds": [
            {
                "name": "piano/61"
            }
        ]
    },
	    "piano.62": {
        "category": "record",
        "sounds": [
            {
                "name": "piano/62"
            }
        ]
    },
	    "piano.63": {
        "category": "record",
        "sounds": [
            {
                "name": "piano/63"
            }
        ]
    },
	    "piano.64": {
        "category": "record",
        "sounds": [
            {
                "name": "piano/64"
            }
        ]
    },
	    "piano.65": {
        "category": "record",
        "sounds": [
            {
                "name": "piano/65"
            }
        ]
    },
	    "piano.66": {
        "category": "record",
        "sounds": [
            {
                "name": "piano/66"
            }
        ]
    },
	    "piano.67": {
        "category": "record",
        "sounds": [
            {
                "name": "piano/67"
            }
        ]
    },
	    "piano.68": {
        "category": "record",
        "sounds": [
            {
                "name": "piano/68"
            }
        ]
    },
	    "piano.69": {
        "category": "record",
        "sounds": [
            {
                "name": "piano/69"
            }
        ]
    },
	    "piano.70": {
        "category": "record",
        "sounds": [
            {
                "name": "piano/70"
            }
        ]
    },
	    "piano.71": {
        "category": "record",
        "sounds": [
            {
                "name": "piano/71"
            }
        ]
    },
	    "piano.72": {
        "category": "record",
        "sounds": [
            {
                "name": "piano/72"
            }
        ]
    },
	    "piano.73": {
        "category": "record",
        "sounds": [
            {
                "name": "piano/73"
            }
        ]
    },
	    "piano.74": {
        "category": "record",
        "sounds": [
            {
                "name": "piano/74"
            }
        ]
    },
	    "piano.75": {
        "category": "record",
        "sounds": [
            {
                "name": "piano/75"
            }
        ]
    },
	    "piano.76": {
        "category": "record",
        "sounds": [
            {
                "name": "piano/76"
            }
        ]
    },
	    "piano.77": {
        "category": "record",
        "sounds": [
            {
                "name": "piano/77"
            }
        ]
    },
	    "piano.78": {
        "category": "record",
        "sounds": [
            {
                "name": "piano/78"
            }
        ]
    },
	    "piano.79": {
        "category": "record",
        "sounds": [
            {
                "name": "piano/79"
            }
        ]
    },
	    "piano.80": {
        "category": "record",
        "sounds": [
            {
                "name": "piano/80"
            }
        ]
    },
	    "piano.81": {
        "category": "record",
        "sounds": [
            {
                "name": "piano/81"
            }
        ]
    },
	    "piano.82": {
        "category": "record",
        "sounds": [
            {
                "name": "piano/82"
            }
        ]
    },
	    "piano.83": {
        "category": "record",
        "sounds": [
            {
                "name": "piano/83"
            }
        ]
    },
	    "piano.84": {
        "category": "record",
        "sounds": [
            {
                "name": "piano/84"
            }
        ]
    },
	    "piano.85": {
        "category": "record",
        "sounds": [
            {
                "name": "piano/85"
            }
        ]
    },
	    "piano.86": {
        "category": "record",
        "sounds": [
            {
                "name": "piano/86"
            }
        ]
    },
	    "piano.87": {
        "category": "record",
        "sounds": [
            {
                "name": "piano/87"
            }
        ]
    },
	    "piano.88": {
        "category": "record",
        "sounds": [
            {
                "name": "piano/88"
            }
        ]
    },
	    "piano.89": {
        "category": "record",
        "sounds": [
            {
                "name": "piano/89"
            }
        ]
    },
	    "piano.90": {
        "category": "record",
        "sounds": [
            {
                "name": "piano/90"
            }
        ]
    },
	    "piano.91": {
        "category": "record",
        "sounds": [
            {
                "name": "piano/91"
            }
        ]
    },
	    "piano.92": {
        "category": "record",
        "sounds": [
            {
                "name": "piano/92"
            }
        ]
    },
	    "piano.93": {
        "category": "record",
        "sounds": [
            {
                "name": "piano/93"
            }
        ]
    },
	    "piano.94": {
        "category": "record",
        "sounds": [
            {
                "name": "piano/94"
            }
        ]
    },
	    "piano.95": {
        "category": "record",
        "sounds": [
            {
                "name": "piano/95"
            }
        ]
    },
	    "piano.96": {
        "category": "record",
        "sounds": [
            {
                "name": "piano/96"
            }
        ]
    },
	    "piano.97": {
        "category": "record",
        "sounds": [
            {
                "name": "piano/97"
            }
        ]
    },
	    "piano.98": {
        "category": "record",
        "sounds": [
            {
                "name": "piano/98"
            }
        ]
    },
	    "piano.99": {
        "category": "record",
        "sounds": [
            {
                "name": "piano/99"
            }
        ]
    },
	    "piano.100": {
        "category": "record",
        "sounds": [
            {
                "name": "piano/100"
            }
        ]
    },
	    "piano.101": {
        "category": "record",
        "sounds": [
            {
                "name": "piano/101"
            }
        ]
    },
	    "piano.102": {
        "category": "record",
        "sounds": [
            {
                "name": "piano/102"
            }
        ]
    },
	    "piano.103": {
        "category": "record",
        "sounds": [
            {
                "name": "piano/103"
            }
        ]
    },
	    "piano.104": {
        "category": "record",
        "sounds": [
            {
                "name": "piano/104"
            }
        ]
    },
	    "piano.105": {
        "category": "record",
        "sounds": [
            {
                "name": "piano/105"
            }
        ]
    },
	    "piano.106": {
        "category": "record",
        "sounds": [
            {
                "name": "piano/106"
            }
        ]
    },
	    "piano.107": {
        "category": "record",
        "sounds": [
            {
                "name": "piano/107"
            }
        ]
    },
	    "piano.108": {
        "category": "record",
        "sounds": [
            {
                "name": "piano/108"
            }
        ]
    }
}